S_No,X,Y
0,95,31.22498999
1,31,95.07365566
2,50,86.60254038
3,41,91.20855223
4,5,99.87492178
5,15,98.86859967
6,5,99.87492178
7,6,99.81983771
8,500,500
9,0,1000
10,39,92.08148565
11,52,85.41662602
12,30,95.39392014
13,92,39.19183588
14,58,81.46164742
15,45,89.3028555
16,4,99.91996797
17,69,72.38093672
18,77,63.80438856
19,79,61.31068422
20,63,77.65951326
21,11,99.39315872
22,44,89.79977728
23,13,99.15139938
24,29,95.70266454
25,6,99.81983771
